{
  "project_info": {
    "project_number": "566348225613",
    "firebase_url": "https://closa-id.firebaseio.com",
    "project_id": "closa-id",
    "storage_bucket": "closa-id.appspot.com"
  },
  "client": [
    {
      "client_info": {
        "mobilesdk_app_id": "1:566348225613:android:6cd06f4af58f0dd3dc9004",
        "android_client_info": {
          "package_name": "closa.me"
        }
      },
      "oauth_client": [
        {
          "client_id": "566348225613-gv0a8k7ok44idts06i5eboqj4tc7hbpu.apps.googleusercontent.com",
          "client_type": 3
        }
      ],
      "api_key": [
        {
          "current_key": "AIzaSyAUO2TJ2s-3K9STzerH5C8yxC4zDbr15-M"
        }
      ],
      "services": {
        "appinvite_service": {
          "other_platform_oauth_client": [
            {
              "client_id": "566348225613-gv0a8k7ok44idts06i5eboqj4tc7hbpu.apps.googleusercontent.com",
              "client_type": 3
            }
          ]
        }
      }
    },
    {
      "client_info": {
        "mobilesdk_app_id": "1:566348225613:android:baaf070c4ed28c06dc9004",
        "android_client_info": {
          "package_name": "com.example.bottom_sheet"
        }
      },
      "oauth_client": [
        {
          "client_id": "566348225613-gv0a8k7ok44idts06i5eboqj4tc7hbpu.apps.googleusercontent.com",
          "client_type": 3
        }
      ],
      "api_key": [
        {
          "current_key": "AIzaSyAUO2TJ2s-3K9STzerH5C8yxC4zDbr15-M"
        }
      ],
      "services": {
        "appinvite_service": {
          "other_platform_oauth_client": [
            {
              "client_id": "566348225613-gv0a8k7ok44idts06i5eboqj4tc7hbpu.apps.googleusercontent.com",
              "client_type": 3
            }
          ]
        }
      }
    },
    {
      "client_info": {
        "mobilesdk_app_id": "1:566348225613:android:cc95f2b0ee63a259dc9004",
        "android_client_info": {
          "package_name": "com.example.closa_flutter"
        }
      },
      "oauth_client": [
        {
          "client_id": "566348225613-7tlhorgjti2do08aosat2p7fn9guf8be.apps.googleusercontent.com",
          "client_type": 1,
          "android_info": {
            "package_name": "com.example.closa_flutter",
            "certificate_hash": "644435bddd65cecd452797e3d1f02f0bbb9ea65f"
          }
        },
        {
          "client_id": "566348225613-gv0a8k7ok44idts06i5eboqj4tc7hbpu.apps.googleusercontent.com",
          "client_type": 3
        }
      ],
      "api_key": [
        {
          "current_key": "AIzaSyAUO2TJ2s-3K9STzerH5C8yxC4zDbr15-M"
        }
      ],
      "services": {
        "appinvite_service": {
          "other_platform_oauth_client": [
            {
              "client_id": "566348225613-gv0a8k7ok44idts06i5eboqj4tc7hbpu.apps.googleusercontent.com",
              "client_type": 3
            }
          ]
        }
      }
    },
    {
      "client_info": {
        "mobilesdk_app_id": "1:566348225613:android:747d820ba2792f38dc9004",
        "android_client_info": {
          "package_name": "me.closa"
        }
      },
      "oauth_client": [
        {
          "client_id": "566348225613-gv0a8k7ok44idts06i5eboqj4tc7hbpu.apps.googleusercontent.com",
          "client_type": 3
        }
      ],
      "api_key": [
        {
          "current_key": "AIzaSyAUO2TJ2s-3K9STzerH5C8yxC4zDbr15-M"
        }
      ],
      "services": {
        "appinvite_service": {
          "other_platform_oauth_client": [
            {
              "client_id": "566348225613-gv0a8k7ok44idts06i5eboqj4tc7hbpu.apps.googleusercontent.com",
              "client_type": 3
            }
          ]
        }
      }
    }
  ],
  "configuration_version": "1"
}